51_g	7b8b1f2ef72658ad00a6cf515da01218	562	Pfam	PF13963	Transposase-associated domain	14	93	9.7E-18	T	12-03-2020	IPR029480	Transposase-associated domain		
51_g	7b8b1f2ef72658ad00a6cf515da01218	562	PANTHER	PTHR10775:SF142		13	427	2.5E-136	T	12-03-2020
51_g	7b8b1f2ef72658ad00a6cf515da01218	562	PANTHER	PTHR10775		13	427	2.5E-136	T	12-03-2020
51_g	7b8b1f2ef72658ad00a6cf515da01218	562	PANTHER	PTHR10775:SF142		461	534	2.5E-136	T	12-03-2020
51_g	7b8b1f2ef72658ad00a6cf515da01218	562	Pfam	PF02992	Transposase family tnp2	319	431	5.3E-44	T	12-03-2020	IPR004242	Transposon, En/Spm-like		
51_g	7b8b1f2ef72658ad00a6cf515da01218	562	PANTHER	PTHR10775		461	534	2.5E-136	T	12-03-2020
6_g	aa7977640b03926a1723ed624190f85a	140	MobiDBLite	mobidb-lite	consensus disorder prediction	110	140	-	T	12-03-2020
6_g	aa7977640b03926a1723ed624190f85a	140	MobiDBLite	mobidb-lite	consensus disorder prediction	111	129	-	T	12-03-2020
6_g	aa7977640b03926a1723ed624190f85a	140	MobiDBLite	mobidb-lite	consensus disorder prediction	21	52	-	T	12-03-2020
79_g	adb6ce8a7a70a67cb08db43924b703d7	313	PANTHER	PTHR10775:SF142		15	310	3.5E-50	T	12-03-2020
79_g	adb6ce8a7a70a67cb08db43924b703d7	313	MobiDBLite	mobidb-lite	consensus disorder prediction	291	313	-	T	12-03-2020
79_g	adb6ce8a7a70a67cb08db43924b703d7	313	MobiDBLite	mobidb-lite	consensus disorder prediction	290	313	-	T	12-03-2020
79_g	adb6ce8a7a70a67cb08db43924b703d7	313	Pfam	PF13963	Transposase-associated domain	33	77	1.4E-12	T	12-03-2020	IPR029480	Transposase-associated domain		
79_g	adb6ce8a7a70a67cb08db43924b703d7	313	PANTHER	PTHR10775		15	310	3.5E-50	T	12-03-2020
58_g	0ed4e181b02a6ef32c9d25ad51bbc354	287	PANTHER	PTHR46736		105	255	9.5E-30	T	12-03-2020
100_g	0996cff60631438b70bb13234deca11e	347	Coils	Coil		68	88	-	T	12-03-2020
100_g	0996cff60631438b70bb13234deca11e	347	MobiDBLite	mobidb-lite	consensus disorder prediction	138	230	-	T	12-03-2020
100_g	0996cff60631438b70bb13234deca11e	347	MobiDBLite	mobidb-lite	consensus disorder prediction	37	61	-	T	12-03-2020
100_g	0996cff60631438b70bb13234deca11e	347	Pfam	PF03078	ATHILA ORF-1 family	172	347	4.3E-64	T	12-03-2020	IPR004312	Arabidopsis retrotransposon Orf1		
100_g	0996cff60631438b70bb13234deca11e	347	MobiDBLite	mobidb-lite	consensus disorder prediction	155	173	-	T	12-03-2020
100_g	0996cff60631438b70bb13234deca11e	347	MobiDBLite	mobidb-lite	consensus disorder prediction	174	197	-	T	12-03-2020
80_g	92738a342303bda944ae3792072224f8	135	Pfam	PF02992	Transposase family tnp2	1	76	2.9E-12	T	12-03-2020	IPR004242	Transposon, En/Spm-like		
80_g	92738a342303bda944ae3792072224f8	135	PANTHER	PTHR10775:SF142		1	135	1.2E-24	T	12-03-2020
80_g	92738a342303bda944ae3792072224f8	135	PANTHER	PTHR10775		1	135	1.2E-24	T	12-03-2020
18_g	b824ce6a23edb8cddfb22e7644fd3b64	141	Pfam	PF02992	Transposase family tnp2	102	139	5.9E-9	T	12-03-2020	IPR004242	Transposon, En/Spm-like		
18_g	b824ce6a23edb8cddfb22e7644fd3b64	141	Pfam	PF02992	Transposase family tnp2	34	100	2.2E-26	T	12-03-2020	IPR004242	Transposon, En/Spm-like		
18_g	b824ce6a23edb8cddfb22e7644fd3b64	141	PANTHER	PTHR10775		2	139	1.1E-48	T	12-03-2020
18_g	b824ce6a23edb8cddfb22e7644fd3b64	141	PANTHER	PTHR10775:SF142		2	139	1.1E-48	T	12-03-2020
96_g	8e50443842bb0446287bf088b87f4166	309	PANTHER	PTHR10775:SF142		9	307	4.5E-50	T	12-03-2020
96_g	8e50443842bb0446287bf088b87f4166	309	PANTHER	PTHR10775		9	307	4.5E-50	T	12-03-2020
96_g	8e50443842bb0446287bf088b87f4166	309	Pfam	PF13963	Transposase-associated domain	11	80	5.2E-16	T	12-03-2020	IPR029480	Transposase-associated domain		
43_g	8e98f490907b5078de584ffae8616107	245	Gene3D	G3DSA:3.10.10.10		80	217	1.7E-42	T	12-03-2020
43_g	8e98f490907b5078de584ffae8616107	245	SUPERFAMILY	SSF56672		76	235	1.45E-51	T	12-03-2020
43_g	8e98f490907b5078de584ffae8616107	245	CDD	cd01647	RT_LTR	116	243	3.22586E-49	T	12-03-2020
43_g	8e98f490907b5078de584ffae8616107	245	Gene3D	G3DSA:3.30.70.270		78	228	1.7E-42	T	12-03-2020	IPR043128	Reverse transcriptase/Diguanylate cyclase domain		
43_g	8e98f490907b5078de584ffae8616107	245	Pfam	PF00078	Reverse transcriptase (RNA-dependent DNA polymerase)	133	229	6.1E-9	T	12-03-2020	IPR000477	Reverse transcriptase domain		
43_g	8e98f490907b5078de584ffae8616107	245	PANTHER	PTHR24559		130	227	1.5E-24	T	12-03-2020
43_g	8e98f490907b5078de584ffae8616107	245	Coils	Coil		90	110	-	T	12-03-2020
43_g	8e98f490907b5078de584ffae8616107	245	PANTHER	PTHR24559:SF313		130	227	1.5E-24	T	12-03-2020
28_g	1dddf10e96c59a13917a772292dd0d79	343	MobiDBLite	mobidb-lite	consensus disorder prediction	326	343	-	T	12-03-2020
28_g	1dddf10e96c59a13917a772292dd0d79	343	MobiDBLite	mobidb-lite	consensus disorder prediction	58	81	-	T	12-03-2020
28_g	1dddf10e96c59a13917a772292dd0d79	343	MobiDBLite	mobidb-lite	consensus disorder prediction	34	57	-	T	12-03-2020
28_g	1dddf10e96c59a13917a772292dd0d79	343	MobiDBLite	mobidb-lite	consensus disorder prediction	321	343	-	T	12-03-2020
28_g	1dddf10e96c59a13917a772292dd0d79	343	MobiDBLite	mobidb-lite	consensus disorder prediction	1	89	-	T	12-03-2020
28_g	1dddf10e96c59a13917a772292dd0d79	343	MobiDBLite	mobidb-lite	consensus disorder prediction	1	20	-	T	12-03-2020
28_g	1dddf10e96c59a13917a772292dd0d79	343	Pfam	PF03078	ATHILA ORF-1 family	248	330	1.1E-21	T	12-03-2020	IPR004312	Arabidopsis retrotransposon Orf1		
28_g	1dddf10e96c59a13917a772292dd0d79	343	Pfam	PF03078	ATHILA ORF-1 family	56	248	1.8E-69	T	12-03-2020	IPR004312	Arabidopsis retrotransposon Orf1		
29_g	5ed4b74279369e10a6eaea6462f9c251	285	PANTHER	PTHR34482		53	284	1.3E-23	T	12-03-2020
29_g	5ed4b74279369e10a6eaea6462f9c251	285	MobiDBLite	mobidb-lite	consensus disorder prediction	13	32	-	T	12-03-2020
29_g	5ed4b74279369e10a6eaea6462f9c251	285	Pfam	PF03732	Retrotransposon gag protein	195	285	1.4E-18	T	12-03-2020	IPR005162	Retrotransposon gag domain		
29_g	5ed4b74279369e10a6eaea6462f9c251	285	MobiDBLite	mobidb-lite	consensus disorder prediction	1	32	-	T	12-03-2020
19_g	263a245e57f087f0d21af2945147a330	225	PANTHER	PTHR10775		4	219	1.2E-42	T	12-03-2020
19_g	263a245e57f087f0d21af2945147a330	225	PANTHER	PTHR10775:SF136		4	219	1.2E-42	T	12-03-2020
41_g	fbc764fe3865057e85772ed7098ed6df	402	MobiDBLite	mobidb-lite	consensus disorder prediction	76	95	-	T	12-03-2020
41_g	fbc764fe3865057e85772ed7098ed6df	402	MobiDBLite	mobidb-lite	consensus disorder prediction	311	337	-	T	12-03-2020
41_g	fbc764fe3865057e85772ed7098ed6df	402	MobiDBLite	mobidb-lite	consensus disorder prediction	311	332	-	T	12-03-2020
41_g	fbc764fe3865057e85772ed7098ed6df	402	MobiDBLite	mobidb-lite	consensus disorder prediction	57	95	-	T	12-03-2020
41_g	fbc764fe3865057e85772ed7098ed6df	402	PANTHER	PTHR33240		140	398	7.6E-15	T	12-03-2020
60_g	24936e925e4618536cfa21aa2041119e	129	MobiDBLite	mobidb-lite	consensus disorder prediction	93	111	-	T	12-03-2020
60_g	24936e925e4618536cfa21aa2041119e	129	MobiDBLite	mobidb-lite	consensus disorder prediction	112	129	-	T	12-03-2020
60_g	24936e925e4618536cfa21aa2041119e	129	MobiDBLite	mobidb-lite	consensus disorder prediction	93	129	-	T	12-03-2020
62_g	45a50746485747a6a062aa4955b08bad	103	MobiDBLite	mobidb-lite	consensus disorder prediction	44	63	-	T	12-03-2020
62_g	45a50746485747a6a062aa4955b08bad	103	MobiDBLite	mobidb-lite	consensus disorder prediction	45	62	-	T	12-03-2020
75_g	e53ed2e9fee701f3e69305454d3c7d80	153	Pfam	PF17917	RNase H-like domain found in reverse transcriptase	71	147	2.3E-13	T	12-03-2020	IPR041373	Reverse transcriptase, RNase H-like domain		
75_g	e53ed2e9fee701f3e69305454d3c7d80	153	PANTHER	PTHR24559:SF309		1	73	1.4E-12	T	12-03-2020
75_g	e53ed2e9fee701f3e69305454d3c7d80	153	SUPERFAMILY	SSF56672		1	147	2.94E-30	T	12-03-2020
75_g	e53ed2e9fee701f3e69305454d3c7d80	153	PANTHER	PTHR24559		1	73	1.4E-12	T	12-03-2020
75_g	e53ed2e9fee701f3e69305454d3c7d80	153	Gene3D	G3DSA:3.10.10.10		3	40	3.3E-9	T	12-03-2020
75_g	e53ed2e9fee701f3e69305454d3c7d80	153	Gene3D	G3DSA:3.10.20.370		56	152	9.8E-11	T	12-03-2020
17_g	2aa65c9b9997e8abc138852a57e2c027	181	PANTHER	PTHR10775		2	178	3.8E-18	T	12-03-2020
17_g	2aa65c9b9997e8abc138852a57e2c027	181	PANTHER	PTHR10775:SF142		2	178	3.8E-18	T	12-03-2020
119_g	cf4104926da802461d300743ebb05010	334	SUPERFAMILY	SSF51649		117	330	4.84E-86	T	12-03-2020	IPR036376	Ribulose bisphosphate carboxylase, large subunit, C-terminal domain superfamily	GO:0000287	
119_g	cf4104926da802461d300743ebb05010	334	Gene3D	G3DSA:3.20.20.110		106	334	7.2E-91	T	12-03-2020	IPR036376	Ribulose bisphosphate carboxylase, large subunit, C-terminal domain superfamily	GO:0000287	
119_g	cf4104926da802461d300743ebb05010	334	PANTHER	PTHR42704		141	331	7.1E-210	T	12-03-2020	IPR033966	RuBisCO		
119_g	cf4104926da802461d300743ebb05010	334	PANTHER	PTHR42704		8	140	7.1E-210	T	12-03-2020	IPR033966	RuBisCO		
119_g	cf4104926da802461d300743ebb05010	334	SUPERFAMILY	SSF54966		16	140	3.66E-55	T	12-03-2020	IPR036422	RuBisCO large subunit, N-terminal domain superfamily	GO:0015977|GO:0016984	
119_g	cf4104926da802461d300743ebb05010	334	Pfam	PF02788	Ribulose bisphosphate carboxylase large chain, N-terminal domain	31	141	4.1E-40	T	12-03-2020	IPR017443	Ribulose bisphosphate carboxylase, large subunit, ferrodoxin-like N-terminal	GO:0015977|GO:0016984	
119_g	cf4104926da802461d300743ebb05010	334	Pfam	PF00016	Ribulose bisphosphate carboxylase large chain, catalytic domain	127	317	2.7E-65	T	12-03-2020	IPR000685	Ribulose bisphosphate carboxylase, large subunit, C-terminal	GO:0000287	
119_g	cf4104926da802461d300743ebb05010	334	PANTHER	PTHR42704:SF4		141	331	7.1E-210	T	12-03-2020
119_g	cf4104926da802461d300743ebb05010	334	PANTHER	PTHR42704:SF4		8	140	7.1E-210	T	12-03-2020
127_g	cf4104926da802461d300743ebb05010	334	SUPERFAMILY	SSF51649		117	330	4.84E-86	T	12-03-2020	IPR036376	Ribulose bisphosphate carboxylase, large subunit, C-terminal domain superfamily	GO:0000287	
127_g	cf4104926da802461d300743ebb05010	334	Gene3D	G3DSA:3.20.20.110		106	334	7.2E-91	T	12-03-2020	IPR036376	Ribulose bisphosphate carboxylase, large subunit, C-terminal domain superfamily	GO:0000287	
127_g	cf4104926da802461d300743ebb05010	334	PANTHER	PTHR42704		141	331	7.1E-210	T	12-03-2020	IPR033966	RuBisCO		
127_g	cf4104926da802461d300743ebb05010	334	PANTHER	PTHR42704		8	140	7.1E-210	T	12-03-2020	IPR033966	RuBisCO		
127_g	cf4104926da802461d300743ebb05010	334	SUPERFAMILY	SSF54966		16	140	3.66E-55	T	12-03-2020	IPR036422	RuBisCO large subunit, N-terminal domain superfamily	GO:0015977|GO:0016984	
127_g	cf4104926da802461d300743ebb05010	334	Pfam	PF02788	Ribulose bisphosphate carboxylase large chain, N-terminal domain	31	141	4.1E-40	T	12-03-2020	IPR017443	Ribulose bisphosphate carboxylase, large subunit, ferrodoxin-like N-terminal	GO:0015977|GO:0016984	
127_g	cf4104926da802461d300743ebb05010	334	Pfam	PF00016	Ribulose bisphosphate carboxylase large chain, catalytic domain	127	317	2.7E-65	T	12-03-2020	IPR000685	Ribulose bisphosphate carboxylase, large subunit, C-terminal	GO:0000287	
127_g	cf4104926da802461d300743ebb05010	334	PANTHER	PTHR42704:SF4		141	331	7.1E-210	T	12-03-2020
127_g	cf4104926da802461d300743ebb05010	334	PANTHER	PTHR42704:SF4		8	140	7.1E-210	T	12-03-2020
52_g	7bb1e7f59d84a68595ed5d14f341fdd5	320	MobiDBLite	mobidb-lite	consensus disorder prediction	282	320	-	T	12-03-2020
52_g	7bb1e7f59d84a68595ed5d14f341fdd5	320	PANTHER	PTHR10775		3	81	1.4E-18	T	12-03-2020
52_g	7bb1e7f59d84a68595ed5d14f341fdd5	320	PANTHER	PTHR10775		115	266	1.4E-18	T	12-03-2020
52_g	7bb1e7f59d84a68595ed5d14f341fdd5	320	Pfam	PF13960	Domain of unknown function (DUF4218)	1	77	1.4E-23	T	12-03-2020	IPR025452	Domain of unknown function DUF4218		
52_g	7bb1e7f59d84a68595ed5d14f341fdd5	320	Pfam	PF13952	Domain of unknown function (DUF4216)	153	221	1.5E-16	T	12-03-2020	IPR025312	Domain of unknown function DUF4216		
52_g	7bb1e7f59d84a68595ed5d14f341fdd5	320	PANTHER	PTHR10775:SF132		3	81	1.4E-18	T	12-03-2020
52_g	7bb1e7f59d84a68595ed5d14f341fdd5	320	PANTHER	PTHR10775:SF132		115	266	1.4E-18	T	12-03-2020
52_g	7bb1e7f59d84a68595ed5d14f341fdd5	320	MobiDBLite	mobidb-lite	consensus disorder prediction	262	320	-	T	12-03-2020
52_g	7bb1e7f59d84a68595ed5d14f341fdd5	320	MobiDBLite	mobidb-lite	consensus disorder prediction	262	278	-	T	12-03-2020
46_g	2221c4ee2fdbbe80f5fe1b49287bd8cc	824	Pfam	PF13963	Transposase-associated domain	15	97	9.8E-19	T	12-03-2020	IPR029480	Transposase-associated domain		
46_g	2221c4ee2fdbbe80f5fe1b49287bd8cc	824	PANTHER	PTHR10775		27	713	1.9E-188	T	12-03-2020
46_g	2221c4ee2fdbbe80f5fe1b49287bd8cc	824	Coils	Coil		819	824	-	T	12-03-2020
46_g	2221c4ee2fdbbe80f5fe1b49287bd8cc	824	Pfam	PF02992	Transposase family tnp2	328	537	1.2E-77	T	12-03-2020	IPR004242	Transposon, En/Spm-like		
46_g	2221c4ee2fdbbe80f5fe1b49287bd8cc	824	PANTHER	PTHR10775:SF142		27	713	1.9E-188	T	12-03-2020
42_g	583de517fa33545bacaa5080d7f6efc5	113	Coils	Coil		32	52	-	T	12-03-2020
42_g	583de517fa33545bacaa5080d7f6efc5	113	MobiDBLite	mobidb-lite	consensus disorder prediction	50	81	-	T	12-03-2020
42_g	583de517fa33545bacaa5080d7f6efc5	113	MobiDBLite	mobidb-lite	consensus disorder prediction	64	81	-	T	12-03-2020
65_g	792445457263c64ec437f82cef146148	295	Pfam	PF09331	Domain of unknown function (DUF1985)	81	187	5.0E-11	T	12-03-2020	IPR015410	Domain of unknown function DUF1985		
20_g	0d1944d8223c3addcdef8a05c9eb158c	195	Pfam	PF13963	Transposase-associated domain	15	89	2.4E-10	T	12-03-2020	IPR029480	Transposase-associated domain		
59_g	24a1f38fb7e2be37ff7d4c7c67e656b7	205	Pfam	PF07794	Protein of unknown function (DUF1633)	11	53	2.0E-8	T	12-03-2020	IPR012436	Protein of unknown function DUF1633		
128_g	313af742b8adbe953daa555a94ccfaf6	219	PRINTS	PR01070	Acetyl-CoA carboxylase carboxyl transferase beta subunit signature	94	112	6.4E-31	T	12-03-2020	IPR000438	Acetyl-CoA carboxylase carboxyl transferase, beta subunit	GO:0003989|GO:0006633|GO:0009317	
128_g	313af742b8adbe953daa555a94ccfaf6	219	PRINTS	PR01070	Acetyl-CoA carboxylase carboxyl transferase beta subunit signature	183	192	6.4E-31	T	12-03-2020	IPR000438	Acetyl-CoA carboxylase carboxyl transferase, beta subunit	GO:0003989|GO:0006633|GO:0009317	
128_g	313af742b8adbe953daa555a94ccfaf6	219	PRINTS	PR01070	Acetyl-CoA carboxylase carboxyl transferase beta subunit signature	132	149	6.4E-31	T	12-03-2020	IPR000438	Acetyl-CoA carboxylase carboxyl transferase, beta subunit	GO:0003989|GO:0006633|GO:0009317	
128_g	313af742b8adbe953daa555a94ccfaf6	219	PRINTS	PR01070	Acetyl-CoA carboxylase carboxyl transferase beta subunit signature	161	172	6.4E-31	T	12-03-2020	IPR000438	Acetyl-CoA carboxylase carboxyl transferase, beta subunit	GO:0003989|GO:0006633|GO:0009317	
128_g	313af742b8adbe953daa555a94ccfaf6	219	SUPERFAMILY	SSF52096		7	209	1.81E-49	T	12-03-2020	IPR029045	ClpP/crotonase-like domain superfamily		
128_g	313af742b8adbe953daa555a94ccfaf6	219	PANTHER	PTHR42995:SF3		4	97	4.0E-126	T	12-03-2020
128_g	313af742b8adbe953daa555a94ccfaf6	219	PANTHER	PTHR42995:SF3		96	216	4.0E-126	T	12-03-2020
128_g	313af742b8adbe953daa555a94ccfaf6	219	Gene3D	G3DSA:3.90.226.10		98	213	2.4E-36	T	12-03-2020
128_g	313af742b8adbe953daa555a94ccfaf6	219	Gene3D	G3DSA:3.90.226.10		1	97	2.2E-31	T	12-03-2020
128_g	313af742b8adbe953daa555a94ccfaf6	219	ProSiteProfiles	PS50980	Acetyl-coenzyme A (CoA) carboxyltransferase N-terminal domain profile.	1	95	17.997	T	12-03-2020	IPR011762	Acetyl-coenzyme A carboxyltransferase, N-terminal		Reactome: R-HSA-196780
128_g	313af742b8adbe953daa555a94ccfaf6	219	ProSiteProfiles	PS50980	Acetyl-coenzyme A (CoA) carboxyltransferase N-terminal domain profile.	96	219	44.211	T	12-03-2020	IPR011762	Acetyl-coenzyme A carboxyltransferase, N-terminal		Reactome: R-HSA-196780
128_g	313af742b8adbe953daa555a94ccfaf6	219	PANTHER	PTHR42995		4	97	4.0E-126	T	12-03-2020
128_g	313af742b8adbe953daa555a94ccfaf6	219	PANTHER	PTHR42995		96	216	4.0E-126	T	12-03-2020
120_g	313af742b8adbe953daa555a94ccfaf6	219	PRINTS	PR01070	Acetyl-CoA carboxylase carboxyl transferase beta subunit signature	94	112	6.4E-31	T	12-03-2020	IPR000438	Acetyl-CoA carboxylase carboxyl transferase, beta subunit	GO:0003989|GO:0006633|GO:0009317	
120_g	313af742b8adbe953daa555a94ccfaf6	219	PRINTS	PR01070	Acetyl-CoA carboxylase carboxyl transferase beta subunit signature	183	192	6.4E-31	T	12-03-2020	IPR000438	Acetyl-CoA carboxylase carboxyl transferase, beta subunit	GO:0003989|GO:0006633|GO:0009317	
120_g	313af742b8adbe953daa555a94ccfaf6	219	PRINTS	PR01070	Acetyl-CoA carboxylase carboxyl transferase beta subunit signature	132	149	6.4E-31	T	12-03-2020	IPR000438	Acetyl-CoA carboxylase carboxyl transferase, beta subunit	GO:0003989|GO:0006633|GO:0009317	
120_g	313af742b8adbe953daa555a94ccfaf6	219	PRINTS	PR01070	Acetyl-CoA carboxylase carboxyl transferase beta subunit signature	161	172	6.4E-31	T	12-03-2020	IPR000438	Acetyl-CoA carboxylase carboxyl transferase, beta subunit	GO:0003989|GO:0006633|GO:0009317	
120_g	313af742b8adbe953daa555a94ccfaf6	219	SUPERFAMILY	SSF52096		7	209	1.81E-49	T	12-03-2020	IPR029045	ClpP/crotonase-like domain superfamily		
120_g	313af742b8adbe953daa555a94ccfaf6	219	PANTHER	PTHR42995:SF3		4	97	4.0E-126	T	12-03-2020
120_g	313af742b8adbe953daa555a94ccfaf6	219	PANTHER	PTHR42995:SF3		96	216	4.0E-126	T	12-03-2020
120_g	313af742b8adbe953daa555a94ccfaf6	219	Gene3D	G3DSA:3.90.226.10		98	213	2.4E-36	T	12-03-2020
120_g	313af742b8adbe953daa555a94ccfaf6	219	Gene3D	G3DSA:3.90.226.10		1	97	2.2E-31	T	12-03-2020
120_g	313af742b8adbe953daa555a94ccfaf6	219	ProSiteProfiles	PS50980	Acetyl-coenzyme A (CoA) carboxyltransferase N-terminal domain profile.	1	95	17.997	T	12-03-2020	IPR011762	Acetyl-coenzyme A carboxyltransferase, N-terminal		Reactome: R-HSA-196780
120_g	313af742b8adbe953daa555a94ccfaf6	219	ProSiteProfiles	PS50980	Acetyl-coenzyme A (CoA) carboxyltransferase N-terminal domain profile.	96	219	44.211	T	12-03-2020	IPR011762	Acetyl-coenzyme A carboxyltransferase, N-terminal		Reactome: R-HSA-196780
120_g	313af742b8adbe953daa555a94ccfaf6	219	PANTHER	PTHR42995		4	97	4.0E-126	T	12-03-2020
120_g	313af742b8adbe953daa555a94ccfaf6	219	PANTHER	PTHR42995		96	216	4.0E-126	T	12-03-2020
45_g	0b107e2bc8a2548f4a191b92db6f8cfc	458	MobiDBLite	mobidb-lite	consensus disorder prediction	23	37	-	T	12-03-2020
45_g	0b107e2bc8a2548f4a191b92db6f8cfc	458	MobiDBLite	mobidb-lite	consensus disorder prediction	20	59	-	T	12-03-2020
45_g	0b107e2bc8a2548f4a191b92db6f8cfc	458	Pfam	PF03078	ATHILA ORF-1 family	62	424	2.1E-158	T	12-03-2020	IPR004312	Arabidopsis retrotransposon Orf1		
129_g	09299addab3d8e53f19ab40d26d96ce0	131	PANTHER	PTHR33220		1	70	3.3E-30	T	12-03-2020
91_g	a52f1288f431802720c9103e6ffcb739	280	Gene3D	G3DSA:3.30.420.10		1	188	1.5E-45	T	12-03-2020	IPR036397	Ribonuclease H superfamily	GO:0003676	
91_g	a52f1288f431802720c9103e6ffcb739	280	SUPERFAMILY	SSF53098		1	143	1.64E-33	T	12-03-2020	IPR012337	Ribonuclease H-like superfamily		
91_g	a52f1288f431802720c9103e6ffcb739	280	PANTHER	PTHR24559		1	278	1.7E-31	T	12-03-2020
91_g	a52f1288f431802720c9103e6ffcb739	280	PANTHER	PTHR24559:SF275		1	278	1.7E-31	T	12-03-2020
91_g	a52f1288f431802720c9103e6ffcb739	280	Pfam	PF00665	Integrase core domain	2	105	1.4E-17	T	12-03-2020	IPR001584	Integrase, catalytic core	GO:0015074	
91_g	a52f1288f431802720c9103e6ffcb739	280	Coils	Coil		181	201	-	T	12-03-2020
91_g	a52f1288f431802720c9103e6ffcb739	280	ProSiteProfiles	PS50994	Integrase catalytic domain profile.	1	149	20.893	T	12-03-2020	IPR001584	Integrase, catalytic core	GO:0015074	
23_g	13782e2b684e8fedaa068c953d31ca3e	118	SMART	SM00343		21	37	0.0079	T	12-03-2020	IPR001878	Zinc finger, CCHC-type	GO:0003676|GO:0008270	
23_g	13782e2b684e8fedaa068c953d31ca3e	118	ProSiteProfiles	PS50158	Zinc finger CCHC-type profile.	21	37	9.587	T	12-03-2020	IPR001878	Zinc finger, CCHC-type	GO:0003676|GO:0008270	
23_g	13782e2b684e8fedaa068c953d31ca3e	118	Pfam	PF00098	Zinc knuckle	21	37	2.1E-4	T	12-03-2020	IPR001878	Zinc finger, CCHC-type	GO:0003676|GO:0008270	
23_g	13782e2b684e8fedaa068c953d31ca3e	118	SUPERFAMILY	SSF57756		4	40	8.97E-7	T	12-03-2020	IPR036875	Zinc finger, CCHC-type superfamily	GO:0003676|GO:0008270	
36_g	83214ae25f56ac146e73dcbd6a41ed2d	165	PANTHER	PTHR31420:SF8		120	164	4.3E-65	T	12-03-2020
36_g	83214ae25f56ac146e73dcbd6a41ed2d	165	Coils	Coil		21	62	-	T	12-03-2020
36_g	83214ae25f56ac146e73dcbd6a41ed2d	165	MobiDBLite	mobidb-lite	consensus disorder prediction	151	165	-	T	12-03-2020
36_g	83214ae25f56ac146e73dcbd6a41ed2d	165	PANTHER	PTHR31420		5	119	4.3E-65	T	12-03-2020
36_g	83214ae25f56ac146e73dcbd6a41ed2d	165	PANTHER	PTHR31420		120	164	4.3E-65	T	12-03-2020
36_g	83214ae25f56ac146e73dcbd6a41ed2d	165	MobiDBLite	mobidb-lite	consensus disorder prediction	125	165	-	T	12-03-2020
36_g	83214ae25f56ac146e73dcbd6a41ed2d	165	PANTHER	PTHR31420:SF8		5	119	4.3E-65	T	12-03-2020
39_g	db9fca46d48d800164b2c62c2f56d567	444	CDD	cd01647	RT_LTR	1	115	1.22951E-55	T	12-03-2020
39_g	db9fca46d48d800164b2c62c2f56d567	444	Gene3D	G3DSA:3.10.10.10		13	39	7.8E-38	T	12-03-2020
39_g	db9fca46d48d800164b2c62c2f56d567	444	PANTHER	PTHR46387:SF6		224	415	3.4E-52	T	12-03-2020
39_g	db9fca46d48d800164b2c62c2f56d567	444	Pfam	PF17917	RNase H-like domain found in reverse transcriptase	164	264	3.4E-19	T	12-03-2020	IPR041373	Reverse transcriptase, RNase H-like domain		
39_g	db9fca46d48d800164b2c62c2f56d567	444	Gene3D	G3DSA:3.30.70.270		140	283	6.4E-18	T	12-03-2020	IPR043128	Reverse transcriptase/Diguanylate cyclase domain		
39_g	db9fca46d48d800164b2c62c2f56d567	444	ProSiteProfiles	PS50878	Reverse transcriptase (RT) catalytic domain profile.	1	115	12.565	T	12-03-2020	IPR000477	Reverse transcriptase domain		
39_g	db9fca46d48d800164b2c62c2f56d567	444	ProSiteProfiles	PS50879	RNase H domain profile.	296	444	9.369	T	12-03-2020	IPR002156	Ribonuclease H domain	GO:0003676|GO:0004523	
39_g	db9fca46d48d800164b2c62c2f56d567	444	SUPERFAMILY	SSF53098		298	408	5.18E-20	T	12-03-2020	IPR012337	Ribonuclease H-like superfamily		
39_g	db9fca46d48d800164b2c62c2f56d567	444	SUPERFAMILY	SSF56672		1	264	5.45E-72	T	12-03-2020
39_g	db9fca46d48d800164b2c62c2f56d567	444	Gene3D	G3DSA:3.30.70.270		1	114	7.8E-38	T	12-03-2020	IPR043128	Reverse transcriptase/Diguanylate cyclase domain		
39_g	db9fca46d48d800164b2c62c2f56d567	444	Gene3D	G3DSA:3.30.420.10		299	416	4.6E-24	T	12-03-2020	IPR036397	Ribonuclease H superfamily	GO:0003676	
39_g	db9fca46d48d800164b2c62c2f56d567	444	PANTHER	PTHR46387		224	415	3.4E-52	T	12-03-2020
39_g	db9fca46d48d800164b2c62c2f56d567	444	Pfam	PF13456	Reverse transcriptase-like	334	411	2.5E-11	T	12-03-2020	IPR002156	Ribonuclease H domain	GO:0003676|GO:0004523	
39_g	db9fca46d48d800164b2c62c2f56d567	444	CDD	cd09274	RNase_HI_RT_Ty3	168	287	2.71407E-27	T	12-03-2020
39_g	db9fca46d48d800164b2c62c2f56d567	444	Pfam	PF00078	Reverse transcriptase (RNA-dependent DNA polymerase)	1	115	5.6E-20	T	12-03-2020	IPR000477	Reverse transcriptase domain		
39_g	db9fca46d48d800164b2c62c2f56d567	444	CDD	cd09279	RNase_HI_like	300	401	5.06958E-37	T	12-03-2020
39_g	db9fca46d48d800164b2c62c2f56d567	444	Gene3D	G3DSA:3.10.20.370		159	271	6.4E-18	T	12-03-2020
71_g	ef18d4d2c8f3fdac2141398923a26177	254	MobiDBLite	mobidb-lite	consensus disorder prediction	184	202	-	T	12-03-2020
71_g	ef18d4d2c8f3fdac2141398923a26177	254	MobiDBLite	mobidb-lite	consensus disorder prediction	1	209	-	T	12-03-2020
71_g	ef18d4d2c8f3fdac2141398923a26177	254	MobiDBLite	mobidb-lite	consensus disorder prediction	138	152	-	T	12-03-2020
71_g	ef18d4d2c8f3fdac2141398923a26177	254	MobiDBLite	mobidb-lite	consensus disorder prediction	14	33	-	T	12-03-2020
71_g	ef18d4d2c8f3fdac2141398923a26177	254	MobiDBLite	mobidb-lite	consensus disorder prediction	59	137	-	T	12-03-2020
86_g	1a851179365fb5ba05247484b22b33cf	289	PANTHER	PTHR34482		48	112	1.6E-41	T	12-03-2020
86_g	1a851179365fb5ba05247484b22b33cf	289	PANTHER	PTHR34482		124	280	1.6E-41	T	12-03-2020
86_g	1a851179365fb5ba05247484b22b33cf	289	PANTHER	PTHR34482:SF4		124	280	1.6E-41	T	12-03-2020
86_g	1a851179365fb5ba05247484b22b33cf	289	Pfam	PF03732	Retrotransposon gag protein	119	167	1.5E-9	T	12-03-2020	IPR005162	Retrotransposon gag domain		
86_g	1a851179365fb5ba05247484b22b33cf	289	MobiDBLite	mobidb-lite	consensus disorder prediction	215	229	-	T	12-03-2020
86_g	1a851179365fb5ba05247484b22b33cf	289	PANTHER	PTHR34482:SF4		48	112	1.6E-41	T	12-03-2020
86_g	1a851179365fb5ba05247484b22b33cf	289	MobiDBLite	mobidb-lite	consensus disorder prediction	206	229	-	T	12-03-2020
99_g	8d70e4b0aa7e6d45c2766562d0da6195	173	Pfam	PF03078	ATHILA ORF-1 family	1	157	9.0E-30	T	12-03-2020	IPR004312	Arabidopsis retrotransposon Orf1		
99_g	8d70e4b0aa7e6d45c2766562d0da6195	173	MobiDBLite	mobidb-lite	consensus disorder prediction	85	111	-	T	12-03-2020
99_g	8d70e4b0aa7e6d45c2766562d0da6195	173	MobiDBLite	mobidb-lite	consensus disorder prediction	149	173	-	T	12-03-2020
99_g	8d70e4b0aa7e6d45c2766562d0da6195	173	Coils	Coil		137	164	-	T	12-03-2020
81_g	ce938e682ed2c840c2211683e251ab3d	113	PANTHER	PTHR10775:SF136		1	88	3.2E-16	T	12-03-2020
81_g	ce938e682ed2c840c2211683e251ab3d	113	PANTHER	PTHR10775		1	88	3.2E-16	T	12-03-2020
26_g	a6db1e824c448e8cc4d143ec3e7ad4fc	213	ProSiteProfiles	PS50994	Integrase catalytic domain profile.	1	105	15.1	T	12-03-2020	IPR001584	Integrase, catalytic core	GO:0015074	
26_g	a6db1e824c448e8cc4d143ec3e7ad4fc	213	PANTHER	PTHR46148:SF14		108	190	6.4E-66	T	12-03-2020
26_g	a6db1e824c448e8cc4d143ec3e7ad4fc	213	PANTHER	PTHR46148		2	106	6.4E-66	T	12-03-2020
26_g	a6db1e824c448e8cc4d143ec3e7ad4fc	213	PANTHER	PTHR46148		108	190	6.4E-66	T	12-03-2020
26_g	a6db1e824c448e8cc4d143ec3e7ad4fc	213	Gene3D	G3DSA:3.30.420.10		1	124	1.6E-38	T	12-03-2020	IPR036397	Ribonuclease H superfamily	GO:0003676	
26_g	a6db1e824c448e8cc4d143ec3e7ad4fc	213	PANTHER	PTHR46148:SF14		2	106	6.4E-66	T	12-03-2020
26_g	a6db1e824c448e8cc4d143ec3e7ad4fc	213	SUPERFAMILY	SSF53098		3	101	3.49E-27	T	12-03-2020	IPR012337	Ribonuclease H-like superfamily		
83_g	d04e48a8a0990f036f3463ef1c478141	101	MobiDBLite	mobidb-lite	consensus disorder prediction	72	91	-	T	12-03-2020
83_g	d04e48a8a0990f036f3463ef1c478141	101	MobiDBLite	mobidb-lite	consensus disorder prediction	72	101	-	T	12-03-2020
32_g	537dbee898d075310470ab4013bd5e62	105	PANTHER	PTHR31420:SF8		10	103	2.1E-28	T	12-03-2020
32_g	537dbee898d075310470ab4013bd5e62	105	PANTHER	PTHR31420		10	103	2.1E-28	T	12-03-2020
21_g	18006d3cbb2dbd4567a997b9571119e4	155	PANTHER	PTHR10775		2	154	8.3E-53	T	12-03-2020
21_g	18006d3cbb2dbd4567a997b9571119e4	155	Pfam	PF02992	Transposase family tnp2	89	154	1.5E-25	T	12-03-2020	IPR004242	Transposon, En/Spm-like		
21_g	18006d3cbb2dbd4567a997b9571119e4	155	PANTHER	PTHR10775:SF142		2	154	8.3E-53	T	12-03-2020
88_g	ea83e82eba176f23afbfede317de0b54	576	Pfam	PF03078	ATHILA ORF-1 family	62	505	3.2E-175	T	12-03-2020	IPR004312	Arabidopsis retrotransposon Orf1		
88_g	ea83e82eba176f23afbfede317de0b54	576	MobiDBLite	mobidb-lite	consensus disorder prediction	79	97	-	T	12-03-2020
88_g	ea83e82eba176f23afbfede317de0b54	576	MobiDBLite	mobidb-lite	consensus disorder prediction	483	576	-	T	12-03-2020
88_g	ea83e82eba176f23afbfede317de0b54	576	MobiDBLite	mobidb-lite	consensus disorder prediction	67	97	-	T	12-03-2020
88_g	ea83e82eba176f23afbfede317de0b54	576	MobiDBLite	mobidb-lite	consensus disorder prediction	555	576	-	T	12-03-2020
88_g	ea83e82eba176f23afbfede317de0b54	576	MobiDBLite	mobidb-lite	consensus disorder prediction	491	505	-	T	12-03-2020
88_g	ea83e82eba176f23afbfede317de0b54	576	MobiDBLite	mobidb-lite	consensus disorder prediction	448	471	-	T	12-03-2020
24_g	a606ca8746d5e6d086ae60345591de64	215	SUPERFAMILY	SSF56672		24	214	1.22E-66	T	12-03-2020
24_g	a606ca8746d5e6d086ae60345591de64	215	Gene3D	G3DSA:3.10.20.370		173	215	4.3E-10	T	12-03-2020
24_g	a606ca8746d5e6d086ae60345591de64	215	Pfam	PF00078	Reverse transcriptase (RNA-dependent DNA polymerase)	27	81	2.9E-9	T	12-03-2020	IPR000477	Reverse transcriptase domain		
24_g	a606ca8746d5e6d086ae60345591de64	215	PANTHER	PTHR24559:SF222		29	204	1.5E-39	T	12-03-2020
24_g	a606ca8746d5e6d086ae60345591de64	215	Gene3D	G3DSA:3.30.70.270		13	89	4.1E-21	T	12-03-2020	IPR043128	Reverse transcriptase/Diguanylate cyclase domain		
24_g	a606ca8746d5e6d086ae60345591de64	215	PANTHER	PTHR24559		29	204	1.5E-39	T	12-03-2020
24_g	a606ca8746d5e6d086ae60345591de64	215	Pfam	PF17919	RNase H-like domain found in reverse transcriptase	144	214	1.3E-22	T	12-03-2020	IPR041577	Reverse transcriptase/retrotransposon-derived protein, RNase H-like domain		
24_g	a606ca8746d5e6d086ae60345591de64	215	Gene3D	G3DSA:3.30.70.270		91	172	5.2E-27	T	12-03-2020	IPR043128	Reverse transcriptase/Diguanylate cyclase domain		
68_g	e6876d05ea0dab3f3d9dbd6b6fdad7e7	535	Coils	Coil		139	159	-	T	12-03-2020
68_g	e6876d05ea0dab3f3d9dbd6b6fdad7e7	535	Pfam	PF10532	Plant specific N-all beta domain	53	170	8.7E-36	T	12-03-2020	IPR018290	MULE transposase, N-terminal all-beta domain		
68_g	e6876d05ea0dab3f3d9dbd6b6fdad7e7	535	PANTHER	PTHR31973		198	485	3.4E-38	T	12-03-2020
68_g	e6876d05ea0dab3f3d9dbd6b6fdad7e7	535	PANTHER	PTHR31973:SF101		198	485	3.4E-38	T	12-03-2020
68_g	e6876d05ea0dab3f3d9dbd6b6fdad7e7	535	Pfam	PF10551	MULE transposase domain	267	361	2.8E-23	T	12-03-2020	IPR018289	MULE transposase domain		
93_g	e0e138365a3b26b2169fdaff5c6376a4	299	MobiDBLite	mobidb-lite	consensus disorder prediction	33	67	-	T	12-03-2020
93_g	e0e138365a3b26b2169fdaff5c6376a4	299	MobiDBLite	mobidb-lite	consensus disorder prediction	273	299	-	T	12-03-2020
93_g	e0e138365a3b26b2169fdaff5c6376a4	299	CDD	cd00303	retropepsin_like	135	228	9.96618E-12	T	12-03-2020
93_g	e0e138365a3b26b2169fdaff5c6376a4	299	PANTHER	PTHR33240		56	274	1.5E-55	T	12-03-2020
93_g	e0e138365a3b26b2169fdaff5c6376a4	299	Gene3D	G3DSA:2.40.70.10		121	251	1.8E-6	T	12-03-2020	IPR021109	Aspartic peptidase domain superfamily		
12_g	630e1c7ef9902a356d4b272b6181be9f	131	PANTHER	PTHR33220		1	70	3.3E-30	T	12-03-2020
47_g	89168c5e5adc7138771aee397e4b9d54	369	CDD	cd01647	RT_LTR	1	115	3.04644E-54	T	12-03-2020
47_g	89168c5e5adc7138771aee397e4b9d54	369	Gene3D	G3DSA:3.30.70.270		1	115	6.5E-36	T	12-03-2020	IPR043128	Reverse transcriptase/Diguanylate cyclase domain		
47_g	89168c5e5adc7138771aee397e4b9d54	369	PANTHER	PTHR24559		3	295	1.6E-35	T	12-03-2020
47_g	89168c5e5adc7138771aee397e4b9d54	369	Gene3D	G3DSA:3.10.10.10		13	39	6.5E-36	T	12-03-2020
47_g	89168c5e5adc7138771aee397e4b9d54	369	ProSiteProfiles	PS50878	Reverse transcriptase (RT) catalytic domain profile.	1	115	10.905	T	12-03-2020	IPR000477	Reverse transcriptase domain		
47_g	89168c5e5adc7138771aee397e4b9d54	369	PANTHER	PTHR24559:SF300		3	295	1.6E-35	T	12-03-2020
47_g	89168c5e5adc7138771aee397e4b9d54	369	Gene3D	G3DSA:3.30.70.270		130	312	4.2E-23	T	12-03-2020	IPR043128	Reverse transcriptase/Diguanylate cyclase domain		
47_g	89168c5e5adc7138771aee397e4b9d54	369	Gene3D	G3DSA:3.10.20.370		200	300	4.2E-23	T	12-03-2020
47_g	89168c5e5adc7138771aee397e4b9d54	369	SUPERFAMILY	SSF56672		1	293	2.11E-78	T	12-03-2020
47_g	89168c5e5adc7138771aee397e4b9d54	369	Pfam	PF17919	RNase H-like domain found in reverse transcriptase	178	276	2.9E-20	T	12-03-2020	IPR041577	Reverse transcriptase/retrotransposon-derived protein, RNase H-like domain		
47_g	89168c5e5adc7138771aee397e4b9d54	369	Pfam	PF00078	Reverse transcriptase (RNA-dependent DNA polymerase)	1	115	8.8E-18	T	12-03-2020	IPR000477	Reverse transcriptase domain		
49_g	f2412628e4b2d92bc0830e4ae7beab5a	249	Gene3D	G3DSA:3.30.70.270		126	249	1.2E-80	T	12-03-2020	IPR043128	Reverse transcriptase/Diguanylate cyclase domain		
49_g	f2412628e4b2d92bc0830e4ae7beab5a	249	Gene3D	G3DSA:3.10.10.10		49	186	1.2E-80	T	12-03-2020
49_g	f2412628e4b2d92bc0830e4ae7beab5a	249	PANTHER	PTHR24559:SF299		44	247	1.6E-90	T	12-03-2020
49_g	f2412628e4b2d92bc0830e4ae7beab5a	249	PANTHER	PTHR24559		44	247	1.6E-90	T	12-03-2020
49_g	f2412628e4b2d92bc0830e4ae7beab5a	249	Coils	Coil		64	84	-	T	12-03-2020
49_g	f2412628e4b2d92bc0830e4ae7beab5a	249	Pfam	PF00078	Reverse transcriptase (RNA-dependent DNA polymerase)	101	249	9.8E-24	T	12-03-2020	IPR000477	Reverse transcriptase domain		
49_g	f2412628e4b2d92bc0830e4ae7beab5a	249	CDD	cd01647	RT_LTR	85	249	5.25848E-90	T	12-03-2020
49_g	f2412628e4b2d92bc0830e4ae7beab5a	249	SUPERFAMILY	SSF56672		46	249	2.56E-81	T	12-03-2020
64_g	c1a4eed07db03dcca46ed97f56f14ddc	218	Pfam	PF03732	Retrotransposon gag protein	6	82	1.1E-13	T	12-03-2020	IPR005162	Retrotransposon gag domain		
131_g	566c15950dabb42893110c5070e19e91	158	PANTHER	PTHR11993:SF27		1	137	1.8E-100	T	12-03-2020
131_g	566c15950dabb42893110c5070e19e91	158	SUPERFAMILY	SSF56762		2	141	1.7E-43	T	12-03-2020	IPR029014	[NiFe]-hydrogenase, large subunit		Reactome: R-HSA-611105|Reactome: R-HSA-6799198
131_g	566c15950dabb42893110c5070e19e91	158	PANTHER	PTHR11993		1	137	1.8E-100	T	12-03-2020
131_g	566c15950dabb42893110c5070e19e91	158	Pfam	PF00346	Respiratory-chain NADH dehydrogenase, 49 Kd subunit	1	139	1.8E-55	T	12-03-2020	IPR001135	NADH-quinone oxidoreductase, subunit D	GO:0016651|GO:0048038|GO:0051287|GO:0055114	Reactome: R-HSA-611105|Reactome: R-HSA-6799198
131_g	566c15950dabb42893110c5070e19e91	158	Gene3D	G3DSA:1.10.645.20		1	155	7.9E-54	T	12-03-2020	IPR038290	NADH-quinone oxidoreductase, subunit D superfamily		Reactome: R-HSA-611105|Reactome: R-HSA-6799198
1_g	566c15950dabb42893110c5070e19e91	158	PANTHER	PTHR11993:SF27		1	137	1.8E-100	T	12-03-2020
1_g	566c15950dabb42893110c5070e19e91	158	SUPERFAMILY	SSF56762		2	141	1.7E-43	T	12-03-2020	IPR029014	[NiFe]-hydrogenase, large subunit		Reactome: R-HSA-611105|Reactome: R-HSA-6799198
1_g	566c15950dabb42893110c5070e19e91	158	PANTHER	PTHR11993		1	137	1.8E-100	T	12-03-2020
1_g	566c15950dabb42893110c5070e19e91	158	Pfam	PF00346	Respiratory-chain NADH dehydrogenase, 49 Kd subunit	1	139	1.8E-55	T	12-03-2020	IPR001135	NADH-quinone oxidoreductase, subunit D	GO:0016651|GO:0048038|GO:0051287|GO:0055114	Reactome: R-HSA-611105|Reactome: R-HSA-6799198
1_g	566c15950dabb42893110c5070e19e91	158	Gene3D	G3DSA:1.10.645.20		1	155	7.9E-54	T	12-03-2020	IPR038290	NADH-quinone oxidoreductase, subunit D superfamily		Reactome: R-HSA-611105|Reactome: R-HSA-6799198
3_g	68dc400312639061807e78425d19c575	189	PANTHER	PTHR15184:SF54		2	189	1.3E-117	T	12-03-2020
3_g	68dc400312639061807e78425d19c575	189	SUPERFAMILY	SSF52540		21	186	5.4E-47	T	12-03-2020	IPR027417	P-loop containing nucleoside triphosphate hydrolase		
3_g	68dc400312639061807e78425d19c575	189	CDD	cd18115	ATP-synt_F1_beta_N	1	20	4.22673E-5	T	12-03-2020
3_g	68dc400312639061807e78425d19c575	189	Gene3D	G3DSA:3.40.50.300		20	189	3.0E-70	T	12-03-2020
3_g	68dc400312639061807e78425d19c575	189	Pfam	PF00006	ATP synthase alpha/beta family, nucleotide-binding domain	74	186	1.7E-26	T	12-03-2020	IPR000194	ATPase, F1/V1/A1 complex, alpha/beta subunit, nucleotide-binding domain	GO:0005524	
3_g	68dc400312639061807e78425d19c575	189	PANTHER	PTHR15184		2	189	1.3E-117	T	12-03-2020
118_g	68dc400312639061807e78425d19c575	189	PANTHER	PTHR15184:SF54		2	189	1.3E-117	T	12-03-2020
118_g	68dc400312639061807e78425d19c575	189	SUPERFAMILY	SSF52540		21	186	5.4E-47	T	12-03-2020	IPR027417	P-loop containing nucleoside triphosphate hydrolase		
118_g	68dc400312639061807e78425d19c575	189	CDD	cd18115	ATP-synt_F1_beta_N	1	20	4.22673E-5	T	12-03-2020
118_g	68dc400312639061807e78425d19c575	189	Gene3D	G3DSA:3.40.50.300		20	189	3.0E-70	T	12-03-2020
118_g	68dc400312639061807e78425d19c575	189	Pfam	PF00006	ATP synthase alpha/beta family, nucleotide-binding domain	74	186	1.7E-26	T	12-03-2020	IPR000194	ATPase, F1/V1/A1 complex, alpha/beta subunit, nucleotide-binding domain	GO:0005524	
118_g	68dc400312639061807e78425d19c575	189	PANTHER	PTHR15184		2	189	1.3E-117	T	12-03-2020
126_g	68dc400312639061807e78425d19c575	189	PANTHER	PTHR15184:SF54		2	189	1.3E-117	T	12-03-2020
126_g	68dc400312639061807e78425d19c575	189	SUPERFAMILY	SSF52540		21	186	5.4E-47	T	12-03-2020	IPR027417	P-loop containing nucleoside triphosphate hydrolase		
126_g	68dc400312639061807e78425d19c575	189	CDD	cd18115	ATP-synt_F1_beta_N	1	20	4.22673E-5	T	12-03-2020
126_g	68dc400312639061807e78425d19c575	189	Gene3D	G3DSA:3.40.50.300		20	189	3.0E-70	T	12-03-2020
126_g	68dc400312639061807e78425d19c575	189	Pfam	PF00006	ATP synthase alpha/beta family, nucleotide-binding domain	74	186	1.7E-26	T	12-03-2020	IPR000194	ATPase, F1/V1/A1 complex, alpha/beta subunit, nucleotide-binding domain	GO:0005524	
126_g	68dc400312639061807e78425d19c575	189	PANTHER	PTHR15184		2	189	1.3E-117	T	12-03-2020
92_g	85024abe09844619a7cd17c49af5130f	291	ProSiteProfiles	PS50879	RNase H domain profile.	142	279	9.805	T	12-03-2020	IPR002156	Ribonuclease H domain	GO:0003676|GO:0004523	
92_g	85024abe09844619a7cd17c49af5130f	291	Pfam	PF17917	RNase H-like domain found in reverse transcriptase	12	110	1.3E-20	T	12-03-2020	IPR041373	Reverse transcriptase, RNase H-like domain		
92_g	85024abe09844619a7cd17c49af5130f	291	Gene3D	G3DSA:3.30.420.10		146	224	4.6E-17	T	12-03-2020	IPR036397	Ribonuclease H superfamily	GO:0003676	
92_g	85024abe09844619a7cd17c49af5130f	291	Pfam	PF13456	Reverse transcriptase-like	150	223	3.0E-10	T	12-03-2020	IPR002156	Ribonuclease H domain	GO:0003676|GO:0004523	
92_g	85024abe09844619a7cd17c49af5130f	291	CDD	cd09279	RNase_HI_like	146	226	1.11594E-28	T	12-03-2020
92_g	85024abe09844619a7cd17c49af5130f	291	Gene3D	G3DSA:3.10.20.370		9	115	1.5E-16	T	12-03-2020
92_g	85024abe09844619a7cd17c49af5130f	291	SUPERFAMILY	SSF53098		145	225	2.66E-14	T	12-03-2020	IPR012337	Ribonuclease H-like superfamily		
92_g	85024abe09844619a7cd17c49af5130f	291	PANTHER	PTHR46387		41	221	5.9E-52	T	12-03-2020
92_g	85024abe09844619a7cd17c49af5130f	291	PANTHER	PTHR46387:SF4		41	221	5.9E-52	T	12-03-2020
92_g	85024abe09844619a7cd17c49af5130f	291	SUPERFAMILY	SSF56672		12	110	4.74E-15	T	12-03-2020
54_g	2029a5ac226e1209561ebdcf93672d89	210	PANTHER	PTHR10775:SF115		1	74	1.4E-70	T	12-03-2020
54_g	2029a5ac226e1209561ebdcf93672d89	210	PANTHER	PTHR10775:SF115		82	210	1.4E-70	T	12-03-2020
54_g	2029a5ac226e1209561ebdcf93672d89	210	PANTHER	PTHR10775		1	74	1.4E-70	T	12-03-2020
54_g	2029a5ac226e1209561ebdcf93672d89	210	Pfam	PF02992	Transposase family tnp2	82	209	2.7E-50	T	12-03-2020	IPR004242	Transposon, En/Spm-like		
54_g	2029a5ac226e1209561ebdcf93672d89	210	PANTHER	PTHR10775		82	210	1.4E-70	T	12-03-2020
27_g	cda28fefedff9503225f963cec66c791	101	PANTHER	PTHR34482		3	78	8.2E-15	T	12-03-2020
27_g	cda28fefedff9503225f963cec66c791	101	PANTHER	PTHR34482:SF4		3	78	8.2E-15	T	12-03-2020
90_g	0c7539e996c975e7d135c7a19cdf8099	102	MobiDBLite	mobidb-lite	consensus disorder prediction	39	62	-	T	12-03-2020
72_g	1211198faaee92db15422c70a054d2b1	116	MobiDBLite	mobidb-lite	consensus disorder prediction	58	83	-	T	12-03-2020
40_g	8bfa348fe846236c422b6199846f81b4	201	SUPERFAMILY	SSF56672		120	193	1.22E-16	T	12-03-2020
40_g	8bfa348fe846236c422b6199846f81b4	201	Gene3D	G3DSA:3.10.10.10		112	198	1.9E-14	T	12-03-2020
57_g	91a443e9d8b41ea57f9281d358d90cd8	483	Pfam	PF17921	Integrase zinc binding domain	437	481	5.3E-11	T	12-03-2020	IPR041588	Integrase zinc-binding domain		
57_g	91a443e9d8b41ea57f9281d358d90cd8	483	Gene3D	G3DSA:3.10.20.370		253	362	5.3E-63	T	12-03-2020
57_g	91a443e9d8b41ea57f9281d358d90cd8	483	Gene3D	G3DSA:1.10.340.70		407	483	8.0E-9	T	12-03-2020
57_g	91a443e9d8b41ea57f9281d358d90cd8	483	PANTHER	PTHR24559:SF290		224	483	8.4E-149	T	12-03-2020
57_g	91a443e9d8b41ea57f9281d358d90cd8	483	PANTHER	PTHR24559:SF290		2	173	8.4E-149	T	12-03-2020
57_g	91a443e9d8b41ea57f9281d358d90cd8	483	SUPERFAMILY	SSF56672		186	362	3.71E-54	T	12-03-2020
57_g	91a443e9d8b41ea57f9281d358d90cd8	483	CDD	cd09274	RNase_HI_RT_Ty3	262	377	1.84232E-53	T	12-03-2020
57_g	91a443e9d8b41ea57f9281d358d90cd8	483	Gene3D	G3DSA:3.30.70.270		188	375	5.3E-63	T	12-03-2020	IPR043128	Reverse transcriptase/Diguanylate cyclase domain		
57_g	91a443e9d8b41ea57f9281d358d90cd8	483	Pfam	PF17919	RNase H-like domain found in reverse transcriptase	231	325	2.7E-29	T	12-03-2020	IPR041577	Reverse transcriptase/retrotransposon-derived protein, RNase H-like domain		
57_g	91a443e9d8b41ea57f9281d358d90cd8	483	PANTHER	PTHR24559		224	483	8.4E-149	T	12-03-2020
57_g	91a443e9d8b41ea57f9281d358d90cd8	483	PANTHER	PTHR24559		2	173	8.4E-149	T	12-03-2020
55_g	421a2e79521c4297198b024f393aa072	113	MobiDBLite	mobidb-lite	consensus disorder prediction	91	113	-	T	12-03-2020
55_g	421a2e79521c4297198b024f393aa072	113	MobiDBLite	mobidb-lite	consensus disorder prediction	41	113	-	T	12-03-2020
55_g	421a2e79521c4297198b024f393aa072	113	MobiDBLite	mobidb-lite	consensus disorder prediction	41	90	-	T	12-03-2020
25_g	4776e61e4541e89f2f287781bf7ee339	623	MobiDBLite	mobidb-lite	consensus disorder prediction	483	511	-	T	12-03-2020
25_g	4776e61e4541e89f2f287781bf7ee339	623	MobiDBLite	mobidb-lite	consensus disorder prediction	18	35	-	T	12-03-2020
25_g	4776e61e4541e89f2f287781bf7ee339	623	MobiDBLite	mobidb-lite	consensus disorder prediction	483	608	-	T	12-03-2020
25_g	4776e61e4541e89f2f287781bf7ee339	623	MobiDBLite	mobidb-lite	consensus disorder prediction	590	608	-	T	12-03-2020
25_g	4776e61e4541e89f2f287781bf7ee339	623	Coils	Coil		461	488	-	T	12-03-2020
25_g	4776e61e4541e89f2f287781bf7ee339	623	MobiDBLite	mobidb-lite	consensus disorder prediction	18	43	-	T	12-03-2020
25_g	4776e61e4541e89f2f287781bf7ee339	623	Pfam	PF03078	ATHILA ORF-1 family	12	481	4.1E-135	T	12-03-2020	IPR004312	Arabidopsis retrotransposon Orf1		
25_g	4776e61e4541e89f2f287781bf7ee339	623	MobiDBLite	mobidb-lite	consensus disorder prediction	557	572	-	T	12-03-2020
94_g	cce625a0a7a5944eaec28102b5ef7b25	176	MobiDBLite	mobidb-lite	consensus disorder prediction	1	17	-	T	12-03-2020
94_g	cce625a0a7a5944eaec28102b5ef7b25	176	MobiDBLite	mobidb-lite	consensus disorder prediction	1	29	-	T	12-03-2020
94_g	cce625a0a7a5944eaec28102b5ef7b25	176	Coils	Coil		70	97	-	T	12-03-2020
34_g	f8948cb0dc9356dde388e87b83f50d3a	195	PANTHER	PTHR31420		29	187	8.3E-75	T	12-03-2020
34_g	f8948cb0dc9356dde388e87b83f50d3a	195	Coils	Coil		49	97	-	T	12-03-2020
34_g	f8948cb0dc9356dde388e87b83f50d3a	195	PANTHER	PTHR31420:SF8		29	187	8.3E-75	T	12-03-2020
34_g	f8948cb0dc9356dde388e87b83f50d3a	195	Coils	Coil		155	182	-	T	12-03-2020
67_g	8cab99b180bfa07903accd20d170470f	339	Pfam	PF00078	Reverse transcriptase (RNA-dependent DNA polymerase)	109	258	2.2E-12	T	12-03-2020	IPR000477	Reverse transcriptase domain		
67_g	8cab99b180bfa07903accd20d170470f	339	PANTHER	PTHR33116		154	337	9.9E-41	T	12-03-2020
67_g	8cab99b180bfa07903accd20d170470f	339	PANTHER	PTHR33116:SF24		154	337	9.9E-41	T	12-03-2020
4_g	09e045e07ce8ad136ea0ea99171cb0db	162	SUPERFAMILY	SSF51649		1	162	4.06E-73	T	12-03-2020	IPR036376	Ribulose bisphosphate carboxylase, large subunit, C-terminal domain superfamily	GO:0000287	
4_g	09e045e07ce8ad136ea0ea99171cb0db	162	Pfam	PF00016	Ribulose bisphosphate carboxylase large chain, catalytic domain	1	162	3.4E-56	T	12-03-2020	IPR000685	Ribulose bisphosphate carboxylase, large subunit, C-terminal	GO:0000287	
4_g	09e045e07ce8ad136ea0ea99171cb0db	162	Gene3D	G3DSA:3.20.20.110		1	162	1.9E-73	T	12-03-2020	IPR036376	Ribulose bisphosphate carboxylase, large subunit, C-terminal domain superfamily	GO:0000287	
4_g	09e045e07ce8ad136ea0ea99171cb0db	162	PANTHER	PTHR42704:SF4		1	162	5.3E-104	T	12-03-2020
4_g	09e045e07ce8ad136ea0ea99171cb0db	162	PANTHER	PTHR42704		1	162	5.3E-104	T	12-03-2020	IPR033966	RuBisCO		
66_g	c64eb0d91b9a84ec1972bbd1e96f7f32	463	PANTHER	PTHR31973:SF90		174	457	1.8E-22	T	12-03-2020
66_g	c64eb0d91b9a84ec1972bbd1e96f7f32	463	Pfam	PF10532	Plant specific N-all beta domain	48	159	4.0E-35	T	12-03-2020	IPR018290	MULE transposase, N-terminal all-beta domain		
66_g	c64eb0d91b9a84ec1972bbd1e96f7f32	463	PANTHER	PTHR31973		174	457	1.8E-22	T	12-03-2020
73_g	fadb282fac8bb34cfa920149d05e3fec	143	MobiDBLite	mobidb-lite	consensus disorder prediction	109	123	-	T	12-03-2020
73_g	fadb282fac8bb34cfa920149d05e3fec	143	Coils	Coil		1	21	-	T	12-03-2020
73_g	fadb282fac8bb34cfa920149d05e3fec	143	MobiDBLite	mobidb-lite	consensus disorder prediction	109	143	-	T	12-03-2020
73_g	fadb282fac8bb34cfa920149d05e3fec	143	Coils	Coil		36	70	-	T	12-03-2020
73_g	fadb282fac8bb34cfa920149d05e3fec	143	Pfam	PF04642	Protein of unknown function, DUF601	1	93	1.5E-43	T	12-03-2020	IPR006736	Protein of unknown function DUF601		
38_g	d4bfb9391c919d2693b75e534982cfcd	452	Pfam	PF00665	Integrase core domain	147	257	7.6E-22	T	12-03-2020	IPR001584	Integrase, catalytic core	GO:0015074	
38_g	d4bfb9391c919d2693b75e534982cfcd	452	Coils	Coil		334	354	-	T	12-03-2020
38_g	d4bfb9391c919d2693b75e534982cfcd	452	Gene3D	G3DSA:3.30.420.10		136	335	2.2E-59	T	12-03-2020	IPR036397	Ribonuclease H superfamily	GO:0003676	
38_g	d4bfb9391c919d2693b75e534982cfcd	452	Gene3D	G3DSA:1.10.340.70		39	129	7.4E-8	T	12-03-2020
38_g	d4bfb9391c919d2693b75e534982cfcd	452	SUPERFAMILY	SSF53098		144	296	2.15E-45	T	12-03-2020	IPR012337	Ribonuclease H-like superfamily		
38_g	d4bfb9391c919d2693b75e534982cfcd	452	Pfam	PF17921	Integrase zinc binding domain	77	129	2.5E-8	T	12-03-2020	IPR041588	Integrase zinc-binding domain		
38_g	d4bfb9391c919d2693b75e534982cfcd	452	PANTHER	PTHR24559:SF275		51	412	1.1E-55	T	12-03-2020
38_g	d4bfb9391c919d2693b75e534982cfcd	452	ProSiteProfiles	PS50994	Integrase catalytic domain profile.	143	302	25.241	T	12-03-2020	IPR001584	Integrase, catalytic core	GO:0015074	
38_g	d4bfb9391c919d2693b75e534982cfcd	452	PANTHER	PTHR24559		51	412	1.1E-55	T	12-03-2020
53_g	9bedbac19f777ca9cbdde9aad1531ccd	153	MobiDBLite	mobidb-lite	consensus disorder prediction	112	126	-	T	12-03-2020
53_g	9bedbac19f777ca9cbdde9aad1531ccd	153	MobiDBLite	mobidb-lite	consensus disorder prediction	112	134	-	T	12-03-2020
53_g	9bedbac19f777ca9cbdde9aad1531ccd	153	Pfam	PF03004	Plant transposase (Ptta/En/Spm family)	90	142	1.1E-14	T	12-03-2020	IPR004252	Probable transposase, Ptta/En/Spm, plant		
48_g	0da478469622093d19b03a923b9d72d7	337	Coils	Coil		238	258	-	T	12-03-2020
48_g	0da478469622093d19b03a923b9d72d7	337	PANTHER	PTHR24559:SF275		7	313	4.6E-53	T	12-03-2020
48_g	0da478469622093d19b03a923b9d72d7	337	Gene3D	G3DSA:3.30.420.10		43	246	8.9E-58	T	12-03-2020	IPR036397	Ribonuclease H superfamily	GO:0003676	
48_g	0da478469622093d19b03a923b9d72d7	337	PANTHER	PTHR24559		7	313	4.6E-53	T	12-03-2020
48_g	0da478469622093d19b03a923b9d72d7	337	SUPERFAMILY	SSF53098		47	200	5.31E-44	T	12-03-2020	IPR012337	Ribonuclease H-like superfamily		
48_g	0da478469622093d19b03a923b9d72d7	337	Pfam	PF00665	Integrase core domain	51	161	9.2E-20	T	12-03-2020	IPR001584	Integrase, catalytic core	GO:0015074	
48_g	0da478469622093d19b03a923b9d72d7	337	ProSiteProfiles	PS50994	Integrase catalytic domain profile.	47	206	23.637	T	12-03-2020	IPR001584	Integrase, catalytic core	GO:0015074	
122_g	c55ef0b5cbd255e1b5c1ee86c80dcb7f	219	PANTHER	PTHR19376:SF47		1	173	6.8E-127	T	12-03-2020
122_g	c55ef0b5cbd255e1b5c1ee86c80dcb7f	219	PANTHER	PTHR19376		1	173	6.8E-127	T	12-03-2020
122_g	c55ef0b5cbd255e1b5c1ee86c80dcb7f	219	Pfam	PF05000	RNA polymerase Rpb1, domain 4	64	126	1.3E-11	T	12-03-2020	IPR007083	RNA polymerase Rpb1, domain 4	GO:0003677|GO:0003899|GO:0006351	
122_g	c55ef0b5cbd255e1b5c1ee86c80dcb7f	219	SUPERFAMILY	SSF64484		3	173	7.1E-58	T	12-03-2020
122_g	c55ef0b5cbd255e1b5c1ee86c80dcb7f	219	Pfam	PF04998	RNA polymerase Rpb1, domain 5	141	175	3.3E-11	T	12-03-2020	IPR007081	RNA polymerase Rpb1, domain 5	GO:0003677|GO:0003899|GO:0006351	
122_g	c55ef0b5cbd255e1b5c1ee86c80dcb7f	219	Gene3D	G3DSA:1.10.132.30		25	165	2.3E-51	T	12-03-2020	IPR038120	RNA polymerase Rpb1, funnel domain superfamily		
117_g	c55ef0b5cbd255e1b5c1ee86c80dcb7f	219	PANTHER	PTHR19376:SF47		1	173	6.8E-127	T	12-03-2020
117_g	c55ef0b5cbd255e1b5c1ee86c80dcb7f	219	PANTHER	PTHR19376		1	173	6.8E-127	T	12-03-2020
117_g	c55ef0b5cbd255e1b5c1ee86c80dcb7f	219	Pfam	PF05000	RNA polymerase Rpb1, domain 4	64	126	1.3E-11	T	12-03-2020	IPR007083	RNA polymerase Rpb1, domain 4	GO:0003677|GO:0003899|GO:0006351	
117_g	c55ef0b5cbd255e1b5c1ee86c80dcb7f	219	SUPERFAMILY	SSF64484		3	173	7.1E-58	T	12-03-2020
117_g	c55ef0b5cbd255e1b5c1ee86c80dcb7f	219	Pfam	PF04998	RNA polymerase Rpb1, domain 5	141	175	3.3E-11	T	12-03-2020	IPR007081	RNA polymerase Rpb1, domain 5	GO:0003677|GO:0003899|GO:0006351	
117_g	c55ef0b5cbd255e1b5c1ee86c80dcb7f	219	Gene3D	G3DSA:1.10.132.30		25	165	2.3E-51	T	12-03-2020	IPR038120	RNA polymerase Rpb1, funnel domain superfamily		
2_g	c55ef0b5cbd255e1b5c1ee86c80dcb7f	219	PANTHER	PTHR19376:SF47		1	173	6.8E-127	T	12-03-2020
2_g	c55ef0b5cbd255e1b5c1ee86c80dcb7f	219	PANTHER	PTHR19376		1	173	6.8E-127	T	12-03-2020
2_g	c55ef0b5cbd255e1b5c1ee86c80dcb7f	219	Pfam	PF05000	RNA polymerase Rpb1, domain 4	64	126	1.3E-11	T	12-03-2020	IPR007083	RNA polymerase Rpb1, domain 4	GO:0003677|GO:0003899|GO:0006351	
2_g	c55ef0b5cbd255e1b5c1ee86c80dcb7f	219	SUPERFAMILY	SSF64484		3	173	7.1E-58	T	12-03-2020
2_g	c55ef0b5cbd255e1b5c1ee86c80dcb7f	219	Pfam	PF04998	RNA polymerase Rpb1, domain 5	141	175	3.3E-11	T	12-03-2020	IPR007081	RNA polymerase Rpb1, domain 5	GO:0003677|GO:0003899|GO:0006351	
2_g	c55ef0b5cbd255e1b5c1ee86c80dcb7f	219	Gene3D	G3DSA:1.10.132.30		25	165	2.3E-51	T	12-03-2020	IPR038120	RNA polymerase Rpb1, funnel domain superfamily		
30_g	599942a58a4c7f2df18f0a1335e3994c	143	SUPERFAMILY	SSF57756		10	43	2.44E-8	T	12-03-2020	IPR036875	Zinc finger, CCHC-type superfamily	GO:0003676|GO:0008270	
30_g	599942a58a4c7f2df18f0a1335e3994c	143	Pfam	PF08284	Retroviral aspartyl protease	69	131	7.4E-7	T	12-03-2020
30_g	599942a58a4c7f2df18f0a1335e3994c	143	MobiDBLite	mobidb-lite	consensus disorder prediction	1	16	-	T	12-03-2020
30_g	599942a58a4c7f2df18f0a1335e3994c	143	Gene3D	G3DSA:4.10.60.10		19	78	2.1E-9	T	12-03-2020
30_g	599942a58a4c7f2df18f0a1335e3994c	143	MobiDBLite	mobidb-lite	consensus disorder prediction	1	20	-	T	12-03-2020
30_g	599942a58a4c7f2df18f0a1335e3994c	143	ProSiteProfiles	PS50158	Zinc finger CCHC-type profile.	26	41	11.252	T	12-03-2020	IPR001878	Zinc finger, CCHC-type	GO:0003676|GO:0008270	
30_g	599942a58a4c7f2df18f0a1335e3994c	143	Pfam	PF00098	Zinc knuckle	25	41	6.8E-7	T	12-03-2020	IPR001878	Zinc finger, CCHC-type	GO:0003676|GO:0008270	
30_g	599942a58a4c7f2df18f0a1335e3994c	143	SMART	SM00343		25	41	1.1E-4	T	12-03-2020	IPR001878	Zinc finger, CCHC-type	GO:0003676|GO:0008270	
77_g	120ae4b74ac505d0e47234fb035d094c	113	SUPERFAMILY	SSF53098		1	35	3.41E-6	T	12-03-2020	IPR012337	Ribonuclease H-like superfamily		
77_g	120ae4b74ac505d0e47234fb035d094c	113	Gene3D	G3DSA:3.30.420.10		1	44	6.7E-9	T	12-03-2020	IPR036397	Ribonuclease H superfamily	GO:0003676	
77_g	120ae4b74ac505d0e47234fb035d094c	113	PANTHER	PTHR46148		1	36	1.2E-23	T	12-03-2020
77_g	120ae4b74ac505d0e47234fb035d094c	113	PANTHER	PTHR46148		38	86	1.2E-23	T	12-03-2020
77_g	120ae4b74ac505d0e47234fb035d094c	113	PANTHER	PTHR46148:SF14		1	36	1.2E-23	T	12-03-2020
77_g	120ae4b74ac505d0e47234fb035d094c	113	PANTHER	PTHR46148:SF14		38	86	1.2E-23	T	12-03-2020
101_g	1b533f957981cbafad72105421e3efc8	567	Pfam	PF05699	hAT family C-terminal dimerisation region	437	524	4.1E-30	T	12-03-2020	IPR008906	HAT, C-terminal dimerisation domain	GO:0046983	
101_g	1b533f957981cbafad72105421e3efc8	567	PANTHER	PTHR23272		4	529	2.9E-106	T	12-03-2020
101_g	1b533f957981cbafad72105421e3efc8	567	Pfam	PF14372	Domain of unknown function (DUF4413)	277	382	7.1E-22	T	12-03-2020	IPR025525	hAT-like transposase, RNase-H fold	GO:0003677	
101_g	1b533f957981cbafad72105421e3efc8	567	SUPERFAMILY	SSF53098		29	527	1.44E-78	T	12-03-2020	IPR012337	Ribonuclease H-like superfamily		
95_g	139e5f2980339a7bbe9d165af0821321	188	MobiDBLite	mobidb-lite	consensus disorder prediction	169	188	-	T	12-03-2020
95_g	139e5f2980339a7bbe9d165af0821321	188	Coils	Coil		100	120	-	T	12-03-2020
44_g	c184986cc18d31eca96c6b2f60d02a73	325	Coils	Coil		145	186	-	T	12-03-2020
44_g	c184986cc18d31eca96c6b2f60d02a73	325	Coils	Coil		13	33	-	T	12-03-2020
89_g	d7a5cf587b9f7eee1d440d87dc068f70	142	PANTHER	PTHR31099:SF12		5	60	1.3E-28	T	12-03-2020
89_g	d7a5cf587b9f7eee1d440d87dc068f70	142	PANTHER	PTHR31099:SF12		61	137	1.3E-28	T	12-03-2020
89_g	d7a5cf587b9f7eee1d440d87dc068f70	142	PANTHER	PTHR31099		5	60	1.3E-28	T	12-03-2020
89_g	d7a5cf587b9f7eee1d440d87dc068f70	142	PANTHER	PTHR31099		61	137	1.3E-28	T	12-03-2020
97_g	a31d19a2f559dc948be23d2ff8ea940d	295	PANTHER	PTHR10775:SF136		4	244	3.5E-54	T	12-03-2020
97_g	a31d19a2f559dc948be23d2ff8ea940d	295	PANTHER	PTHR10775		4	244	3.5E-54	T	12-03-2020
97_g	a31d19a2f559dc948be23d2ff8ea940d	295	Pfam	PF02992	Transposase family tnp2	2	60	4.2E-7	T	12-03-2020	IPR004242	Transposon, En/Spm-like		
78_g	ff582d4606459f7a3634b1594caa69ff	406	SUPERFAMILY	SSF56672		31	234	7.12E-61	T	12-03-2020
78_g	ff582d4606459f7a3634b1594caa69ff	406	PANTHER	PTHR24559		36	148	4.2E-54	T	12-03-2020
78_g	ff582d4606459f7a3634b1594caa69ff	406	PANTHER	PTHR24559		151	251	4.2E-54	T	12-03-2020
78_g	ff582d4606459f7a3634b1594caa69ff	406	PANTHER	PTHR24559:SF269		36	148	4.2E-54	T	12-03-2020
78_g	ff582d4606459f7a3634b1594caa69ff	406	PANTHER	PTHR24559:SF269		151	251	4.2E-54	T	12-03-2020
78_g	ff582d4606459f7a3634b1594caa69ff	406	CDD	cd09274	RNase_HI_RT_Ty3	151	245	4.78067E-43	T	12-03-2020
78_g	ff582d4606459f7a3634b1594caa69ff	406	Pfam	PF17921	Integrase zinc binding domain	331	388	6.9E-17	T	12-03-2020	IPR041588	Integrase zinc-binding domain		
78_g	ff582d4606459f7a3634b1594caa69ff	406	Gene3D	G3DSA:1.10.340.70		293	388	6.2E-15	T	12-03-2020
78_g	ff582d4606459f7a3634b1594caa69ff	406	Gene3D	G3DSA:3.10.10.10		30	76	2.2E-9	T	12-03-2020
78_g	ff582d4606459f7a3634b1594caa69ff	406	Gene3D	G3DSA:3.10.10.10		77	119	4.4E-9	T	12-03-2020
78_g	ff582d4606459f7a3634b1594caa69ff	406	CDD	cd01647	RT_LTR	32	148	1.72119E-56	T	12-03-2020
78_g	ff582d4606459f7a3634b1594caa69ff	406	Gene3D	G3DSA:3.30.70.270		232	244	1.6E-28	T	12-03-2020	IPR043128	Reverse transcriptase/Diguanylate cyclase domain		
78_g	ff582d4606459f7a3634b1594caa69ff	406	Pfam	PF00078	Reverse transcriptase (RNA-dependent DNA polymerase)	36	195	1.0E-16	T	12-03-2020	IPR000477	Reverse transcriptase domain		
78_g	ff582d4606459f7a3634b1594caa69ff	406	Gene3D	G3DSA:3.10.20.370		150	231	1.6E-28	T	12-03-2020
78_g	ff582d4606459f7a3634b1594caa69ff	406	Pfam	PF17917	RNase H-like domain found in reverse transcriptase	150	224	3.2E-22	T	12-03-2020	IPR041373	Reverse transcriptase, RNase H-like domain		
31_g	38ea06596a239bb71559b514d46a0f49	405	Gene3D	G3DSA:3.10.10.10		118	255	5.3E-79	T	12-03-2020
31_g	38ea06596a239bb71559b514d46a0f49	405	PANTHER	PTHR24559:SF299		4	322	1.7E-99	T	12-03-2020
31_g	38ea06596a239bb71559b514d46a0f49	405	ProSiteProfiles	PS50878	Reverse transcriptase (RT) catalytic domain profile.	151	351	10.721	T	12-03-2020	IPR000477	Reverse transcriptase domain		
31_g	38ea06596a239bb71559b514d46a0f49	405	PANTHER	PTHR24559		4	322	1.7E-99	T	12-03-2020
31_g	38ea06596a239bb71559b514d46a0f49	405	Gene3D	G3DSA:3.30.70.270		195	314	5.3E-79	T	12-03-2020	IPR043128	Reverse transcriptase/Diguanylate cyclase domain		
31_g	38ea06596a239bb71559b514d46a0f49	405	Coils	Coil		133	153	-	T	12-03-2020
31_g	38ea06596a239bb71559b514d46a0f49	405	Gene3D	G3DSA:2.40.70.10		1	50	9.5E-7	T	12-03-2020	IPR021109	Aspartic peptidase domain superfamily		
31_g	38ea06596a239bb71559b514d46a0f49	405	SUPERFAMILY	SSF56672		95	314	6.56E-81	T	12-03-2020
31_g	38ea06596a239bb71559b514d46a0f49	405	Pfam	PF08284	Retroviral aspartyl protease	2	41	2.3E-8	T	12-03-2020
31_g	38ea06596a239bb71559b514d46a0f49	405	CDD	cd01647	RT_LTR	154	314	4.91225E-86	T	12-03-2020
31_g	38ea06596a239bb71559b514d46a0f49	405	Pfam	PF00078	Reverse transcriptase (RNA-dependent DNA polymerase)	170	310	2.3E-27	T	12-03-2020	IPR000477	Reverse transcriptase domain		
35_g	9d98820feca9d612d500999e0a2b41e5	152	Coils	Coil		53	73	-	T	12-03-2020
